Region	Name	Address	County	Postcode	Phone Number	Latitude	Longitude	Grid Ref	OS Map	Year	Email	Web	Notes
East Midlands	Abney Camping Barn	Ivy House Farm, Abney, Hathersage, Hope Valley	Derbyshire	S32 1AH	0800 0191 700	53.315165	-1.703540	SK 198 798	110		campingbarns@yha.org.uk	http://www.yha.org.uk/barn/abney-camping-barn	
East Midlands	Alstonefield	Gypsy Lane, Alstonefield	Derbyshire	DE6 2FZ	01335 310206	53.099043	-1.798700	SK 136 558	119	2001	alstonefield@yha.org.uk	http://www.yha.org.uk/hostel/alstonefield	
East Midlands	Alstonefield Camping Barn	Gateham Grange, Alstonefield, Ashbourne	Derbyshire	DE6 2FT	0800 0191700	53.108830	-1.814500	SK 125 569	119		campingbarns@yha.org.uk	http://www.yha.org.uk/barn/alstonefield-camping-barn	
East Midlands	Birchover Camping Barn	Barn Farm, Birchover, Matlock	Derbyshire	DE4 2BL	0800 0191700	53.157040	-1.640020	SK 242 623	119		campingbarns@yha.org.uk	http://www.yha.org.uk/barn/birchover-camping-barn	
East Midlands	Bretton	Bretton, nr Eyam, Hope Valley, Sheffield	South Yorkshire	S32 5QD	0845 371 9626	53.298809	-1.700928	SK 200 780	119	1942	bretton@yha.org.uk	http://www.yha.org.uk/hostel/bretton	
East Midlands	Castleton Losehill Hall	Castleton, Hope Valley	Derbyshire	S33 8WB	0845 371 9628	53.351139	-1.770957	SK 153 838	110	1943	castleton@yha.org.uk	http://www.yha.org.uk/hostel/castleton-losehill-hall	
East Midlands	Crowden	Crowden-in-Longdendale, Glossop	Derbyshire	SK13 1HZ	0845 371 9113	53.492696	-1.896420	SK 070 996	110	2007	crowden@yha.org.uk	http://www.yha.org.uk/hostel/crowden	
East Midlands	Edale	Rowland Cote, Nether Booth, Edale, Hope Valley	Derbyshire	S33 7ZH	0845 371 9514	53.376148	-1.791024	SK 140 866	110	1945	edale@yha.org.uk	http://www.yha.org.uk/hostel/edale	
East Midlands	Edale Camping Barn	Cotefield Farm, Ollersbrook, Edale, Hope Valley	Derbyshire	S33 7ZG	0800 0191700	53.369640	-1.799040	SK 135 859	110		campingbarns@yha.org.uk	http://www.yha.org.uk/barn/edale-camping-barn	
East Midlands	Eyam	Hawkhill Road, Eyam, Hope Valley	Derbyshire	S32 5QP	0845 371 9738	53.289222	-1.672672	SK 219 770	119	1970	eyam@yha.org.uk	http://www.yha.org.uk/hostel/eyam	
East Midlands	Hartington Hall	Hall Bank, Hartington, Buxton	Derbyshire	SK17 0AT	0845 371 9740	53.140123	-1.804622	SK 132 603	119	1934	hartington@yha.org.uk	http://www.yha.org.uk/hostel/hartington	
East Midlands	Hathersage	Castleton Road, Hathersage, Hope Valley	Derbyshire	S32 1EH	0845 371 9021	53.329896	-1.658796	SK 228 815	110	1970	hathersage@yha.org.uk	http://www.yha.org.uk/hostel/hathersage	
East Midlands	Ravenstor	Millers Dale, Buxton	Derbyshire	SK17 8SS	0845 371 9655	53.256286	-1.772844	SK 153 733	119	1938	ravenstor@yha.org.uk	http://www.yha.org.uk/hostel/ravenstor	
East Midlands	Sherwood Forest	Forest Corner, Edwinstowe	Nottinghamshire	NG21 9RN	0845 371 9139	53.197656	-1.067374	SK 624 671	120	1998	sherwood@yha.org.uk	http://www.yha.org.uk/hostel/sherwood-forest	
East Midlands	Taddington Camping Barn	The Woodlands, Main Road, Taddington, Nr. Buxton	Derbyshire	SK17 9UD	0800 0191 700	53.235890	-1.784140	SK 145 710	119		campingbarns@yha.org.uk	http://www.yha.org.uk/barn/taddington-camping-barn	
East Midlands	Thurlby	16 High Street, Thurlby, Bourne	Lincolnshire	PE10 0EE	0845 371 9046	52.738278	-0.371507	TF 100 169	130	1981	thurlby@yha.org.uk	http://www.yha.org.uk/hostel/thurlby	
East Midlands	Woody's Top	Ruckland, Louth	Lincolnshire	LN11 8RQ	0845 371 9546	53.284560	-0.000170	TF 334 783	122	1949	woodystop@yha.org.uk	http://www.yha.org.uk/hostel/woodys-top	
East Midlands	Youlgreave	Fountain Square, Youlgreave, near Bakewell	Derbyshire	DE45 1UR	0845 371 9151	53.174997	-1.686490	SK 211 643	119	1975	youlgreave@yha.org.uk	http://www.yha.org.uk/hostel/youlgreave	
East of England	Blaxhall	The Old School House, Blaxhall, Woodbridge	Suffolk	IP12 2EA	0845 371 9305	52.160675	1.461941	TM 369 570	156	1964	blaxhall@yha.org.uk	http://www.yha.org.uk/hostel/blaxhall	
East of England	Cambridge	97 Tenison Road, Cambridge	Cambridgeshire	CB1 2DN	0845 371 9728	52.196688	0.135516	TL 461 575	154	1945	cambridge@yha.org.uk	http://www.yha.org.uk/hostel/cambridge	
East of England	Hunstanton	15 Avenue Road, Hunstanton	Norfolk	PE36 5BW	01485 532061	52.936991	0.488189	TF 673 406	132		hunstanton@yha.org.uk	http://www.yha.org.uk/hostel/hunstanton	
East of England	Sheringham	1 Cremer's Drift, Sheringham	Norfolk	NR26 8HX	0845 371 9040	52.939587	1.212643	TG 160 429	133	1976	sheringham@yha.org.uk	http://www.yha.org.uk/hostel/sheringham	
East of England	Stour Valley Bunkhouse	Brantham Hall, The Chase, Brantham, Nr Manningtee	Suffolk	CO11 1PT	01473 327090	51.963318	1.083875	TM 120 339	155		stourvalley@yha.org.uk	http://www.yha.org.uk/hostel/stour-valley-bunkhouse	
East of England	Wells-next-the-Sea	Church Plain, Wells	Norfolk	NR23 1EQ	0845 371 9544	52.951649	0.853195	TF 918 432	132	2002	wellsnorfolk@yha.org.uk	http://www.yha.org.uk/hostel/wells-next-sea	
Heart of England	All Stretton Bunkhouse	Meadow Green, Batch Valley, All Stretton	Shropshire	SY6 6JW	01694 722593	52.554822	-2.806626	SO 454 955	137	2007	info@allstrettonbunkhouse.co.uk	http://www.yha.org.uk/hostel/all-stretton-bunkhouse	
Heart of England	Bridges	Ratlinghope, Shrewsbury	Shropshire	SY5 0SP	01588 650656	52.563080	-2.895520	SO 394 965	137	1931	bridges@yha.org.uk	http://www.yha.org.uk/hostel/bridges	
Heart of England	Butterton A Camping Barn	Fenns House, Wetton Road, Butterton, Leek	Staffordshire	ST13 7ST	0800 0191700	53.101850	-1.870130	SK 088 561	118/119		campingbarns@yha.org.uk	http://www.yha.org.uk/barn/butterton-camping-barn	
Heart of England	Butterton B Camping Barn	Fenns House, Wetton Road, Butterton, Leek	Staffordshire	ST13 7ST	0800 0191700	53.104600	-1.878250	SK 082 564	118/119		campingbarns@yha.org.uk	http://www.yha.org.uk/barn/butterton-b-camping-barn	
Heart of England	Clun	The Mill, Clun, Craven Arms	Shropshire	SY7 8NY	0845 371 9112	52.424954	-3.025661	SO 304 813	137	1936	clunmill@yha.org.uk	http://www.yha.org.uk/hostel/clun	
Heart of England	Dimmingsdale	Oakamoor, Stoke-on-Trent	Staffordshire	ST10 3AS	0845 371 9513	52.990125	-1.923098	SK 053 436	119	1941	dimmingsdale@yha.org.uk	http://www.yha.org.uk/hostel/dimmingsdale	
Heart of England	Gradbach	Gradbach, Quarnford, Buxton	Derbyshire	SK17 0SU	0845 371 9118	53.191745	-2.010871	SJ 994 661	118	1981	gradbachmill@yha.org.uk	http://www.yha.org.uk/hostel/gradbach	
Heart of England	Ilam Hall	Ilam Hall, Ilam, Ashbourne	Derbyshire	DE6 2AZ	0845 371 9023	53.053087	-1.805223	SK 132 507	119	1932	ilam@yha.org.uk	http://www.yha.org.uk/hostel/ilam	
Heart of England	Ironbridge Coalbrookdale	1 Paradise, Coalbrookdale, Telford	Shropshire	TF8 7NR	0845 371 9325	52.635508	-2.488607	SJ 670 043	127	1980	coalbrookdale@yha.org.uk	http://www.yha.org.uk/hostel/ironbridge-coalbrookdale	
Heart of England	Ironbridge Coalport	John Rose Building, High Street, Coalport	Shropshire	TF8 7HT	0845 371 9325	52.618843	-2.450477	SJ 696 024	127	1980	coalport@yha.org.uk	http://www.yha.org.uk/hostel/ironbridge-coalport	
Heart of England	Kington	Victoria Road, Kington	Herefordshire	HR5 3BX	0845 371 9053	52.205325	-3.024400	SO 301 568	148	2004	kington@yha.org.uk	http://www.yha.org.uk/hostel/kington	
Heart of England	Leominster	The Old Priory, Leominster	Herefordshire	HR6 8EQ	0845 371 9127	52.229900	-2.736100	SO 498 593	149	2001	leominster@yha.org.uk	http://www.yha.org.uk/hostel/leominster	
Heart of England	Nab End Camping Barn	Nab End Farm, Hollinsclough, Longnor, Buxton	Derbyshire	SK17 0RJ	0800 0191 700	53.192980	-1.887470	SK 076 662	119		campingbarns@yha.org.uk	http://www.yha.org.uk/barn/nab-end-camping-barn	
Heart of England	National Forest	48 Bath Lane, Moira, Swadlincote	Derbyshire	DE12 6BD	0845 371 9672	52.737864	-1.548793	SK 306 157	128	2008	nationalforest@yha.org.uk	http://www.yha.org.uk/hostel/national-forest	
Heart of England	Sheen Bunkhouse	Peakstones, Sheen	Derbyshire	SK17 0ES	0845 371 9539	53.149206	-1.832359	SK 113 614	119		sheen@yha.org.uk	http://www.yha.org.uk/hostel/sheen-bunkhouse	
Heart of England	Stratford	Hemmingford House, Alveston, Stratford-upon-Avon	Warwickshire	CV37 7RG	0845 371 9661	52.203665	-1.663415	SP 231 562	151	1948	stratford@yha.org.uk	http://www.yha.org.uk/hostel/stratford	
Heart of England	Underbank Camping Barn	Blaze Farm, Wildboarclough, Macclesfield	Cheshire	SK11 0BL	0800 0191 700	53.207110	-2.041500	SJ 973 678	118		campingbarns@yha.org.uk	http://www.yha.org.uk/barn/underbank-camping-barn	
Heart of England	Wilderhope Manor	Longville in the Dale	Shropshire	TF13 6EG	0845 371 9149	52.531842	-2.671818	SO 545 929	137	1938	wilderhope@yha.org.uk	http://www.yha.org.uk/hostel/wilderhope	
Heart of England	Wye Valley	Near Goodrich, Ross-on-Wye	Herefordshire	HR9 6JJ	0845 371 9666	51.856629	-2.594785	SO 591 177			welshbicknor@yha.org.uk	http://www.yha.org.uk/hostel/wye-valley	
London	London Central	104 Bolsover Street	Hertfordshire	EN8 9AJ	0845 371 9057	51.521335	-0.142441	TQ 290 819	177	2003	leevalley@yha.org.uk	http://www.yha.org.uk/hostel/london-central	
London	London Earls Court	38 Bolton Gardens, Earl's Court	London	W1W 5NU	0845 371 9154	51.490384	-0.189243	TQ 258 784	176	2008	londoncentral@yha.org.uk	http://www.yha.org.uk/hostel/london-earls-court	
London	London Holland Park	Holland Park, Holland Walk, Kensington	London	SW5 0AQ	0845 371 9114	51.502630	-0.201388	TQ 249 797	176	1952	earlscourt@yha.org.uk	http://www.yha.org.uk/hostel/london-holland-park	
London	London Lee Valley	Windmill Lane, Cheshunt	London	W8 7QU	0845 371 9122	51.704035	-0.022321	TL 368 024	166	1958	hollandpark@yha.org.uk	http://www.yha.org.uk/hostel/london-lee-valley	
London	London Oxford Street	14 Noel Street	London	W1F 8GJ	0845 371 9133	51.514819	-0.136818	TQ 294 812	176	1991	oxfordst@yha.org.uk	http://www.yha.org.uk/hostel/london-oxford-street	
London	London St Pancras	79-81 Euston Road	London	NW1 2QE	0845 371 9344	51.528809	-0.126498	TQ 301 828	176	1997	stpancras@yha.org.uk	http://www.yha.org.uk/hostel/london-st-pancras	
London	London St Pauls	St Pauls, 36 Carter Lane	London	EC4V 5AB	0845 371 9012	51.513109	-0.100406	TQ 319 811	176	1975	stpauls@yha.org.uk	http://www.yha.org.uk/hostel/london-st-pauls	
London	London Thameside	20 Salter Road, Rotherhithe	London	SE16 5PR	0845 371 9756	51.504370	-0.046370	TQ 357 802	177	1992	thameside@yha.org.uk	http://www.yha.org.uk/hostel/london-thameside	
North East	Alnwick	38 Green Batt, Alnwick	Northumberland	NE66 1TU	01665 660800	55.411739	-1.706076	NU 187 131	81		alnwick@yha.org.uk	http://www.yha.org.uk/hostel/alnwick	
North East	Bellingham Bunkhouse	Demesne Farm, Bellingham, Hexham	Northumberland	NE48 2BS	01434 220258	55.143627	-2.252522	NY 840 833	80	2008	bellingham@yha.org.uk	http://www.yha.org.uk/hostel/bellingham-bunkhouse	
North East	Berwick	Dewars Lane Granary, Dewars Lane, Berwick-Upon-Tweed	Northumberland	TD15 1HJ	0845 371 9676	55.768011	-2.004699	NT 998 527	75	2011	berwick@yha.org.uk	http://www.yha.org.uk/hostel/berwick	
North East	Blackton Grange	Balderhead, Romaldkirk, Barnard Castle	County Durham	DL12 9UP	01833 650629	54.556990	-2.107840	NY 931 180	91		baldersdale@yha.org.uk	http://www.yha.org.uk/hostel/blackton-grange	
North East	Byrness	7 Otterburn Green, Byrness Village, Near Otterburn	Northumberland	NE19 1TS	01830 520425	55.318100	-2.372700	NT 764 027	90	1972	byrness@yha.org.uk	http://www.yha.org.uk/hostel/byrness	
North East	Durham	St Chad's College, 18 North Bailey	County Durham	DH1 3RH	0191 3343358	54.773200	-1.574600	NZ 275 421	88		durham@yha.org.uk	http://www.yha.org.uk/hostel/durham	
North East	Edmundbyers	Low House, Edmundbyers, Consett	County Durham	DH8 9NL	0845 371 9633	54.845396	-1.973816	NZ 018 501	87	1933	edmundbyers@yha.org.uk	http://www.yha.org.uk/hostel/edmundbyers	
North East	Holwick Camping Barn	Low Way Farm, Holwick, Middleton In Teesdale, Barnard Castle	County Durham	DL12 0NJ	0800 0191 700	54.638150	-2.135400	NY 914 270	92		campingbarns@yha.org.uk	http://www.yha.org.uk/barn/holwick-camping-barn	
North East	Kielder	Butteryhaugh, Kielder Village, Hexham	Northumberland	NE48 1HQ	0845 371 9126	55.231858	-2.579525	NY 632 932	80	2002	kielder@yha.org.uk	http://www.yha.org.uk/hostel/kielder	
North East	Langdon Beck	Forest-in-Teesdale, Barnard Castle	County Durham	DL12 0XN	0845 371 9027	54.669200	-2.218251	NY 860 305	91	1937	langdonbeck@yha.org.uk	http://www.yha.org.uk/hostel/langdon-beck	
North East	Mounthooley Bunkhouse	College Valley, Kirk Newton, Wooler	Northumberland	NE71 6TX	01668 216358	55.496771	-2.189125	NT 882 226	74/75		mounthooley@yha.org.uk	http://www.yha.org.uk/hostel/mounthooley-bunkhouse	
North East	Ninebanks	Orchard House, Mohope, Ninebanks, Hexham	Northumberland	NE47 8DQ	0845 371 9533	54.856792	-2.357281	NY 772 514	86	1948	ninebanks@yha.org.uk	http://www.yha.org.uk/hostel/ninebanks	
North East	Once Brewed	Military Road, Bardon Mill	Northumberland	NE47 7AN	0845 371 9753	54.996081	-2.388306	NY 753 669	86	1934	oncebrewed@yha.org.uk	http://www.yha.org.uk/hostel/once-brewed	Roman Wall
North East	Wooler	30 Cheviot Street, Wooler	Northumberland	NE71 6LW	0845 371 9668	55.543716	-2.015297	NT 991 278	75	1954	wooler@yha.org.uk	http://www.yha.org.uk/hostel/wooler	
North West	Alston	The Firs, Alston	Cumbria	CA9 3RW	01434 381509	54.808934	-2.441886	NY 717 461	86	1976	alston@yha.org.uk	http://www.yha.org.uk/hostel/alston	
North West	Ambleside	Waterhead, Ambleside	Cumbria	LA22 0EU	0845 371 9620	54.419170	-2.961813	NY 377 031	90	1972	ambleside@yha.org.uk	http://www.yha.org.uk/hostel/ambleside	
North West	Arnside	Redhills Road, Arnside	Cumbria	LA5 0AT	0845 371 9722	54.197938	-2.841910	SD 452 783	97	1979	arnside@yha.org.uk	http://www.yha.org.uk/hostel/arnside	
North West	Black Sail	Black Sail Hut, Ennerdale, Cleator	Cumbria	CA23 3AY	0845 371 9680	54.500346	-3.244845	NY 195 124	89	1933	blacksail@yha.org.uk	http://www.yha.org.uk/hostel/black-sail	
North West	Borrowdale	Longthwaite, Borrowdale, Keswick	Cumbria	CA12 5XE	0845 371 9624	54.518760	-3.150390	NY 256 143	89/90	1939	borrowdale@yha.org.uk	http://www.yha.org.uk/hostel/borrowdale	
North West	Buttermere	Buttermere, Cockermouth	Cumbria	CA13 9XA	0845 371 9508	54.540418	-3.271598	NY 178 169	89	1956	buttermere@yha.org.uk	http://www.yha.org.uk/hostel/buttermere	
North West	Caldbeck Bunkhouse	Fellside Centre, Fellside, Wigton	Cumbria	CA7 8HA	01768 812280	54.728060	-3.080650	NY 305 375	85		caldbeck@yha.org.uk	http://www.yha.org.uk/hostel/caldbeck-bunkhouse	
North West	Carlisle	Old Brewery Residences, Bridge Lane, Caldewgate	Cumbria	CA2 5SR	0845 371 9510	54.895728	-2.945090	NY 395 561	85	1998	carlisle@yha.org.uk	http://www.yha.org.uk/hostel/carlisle	
North West	Chipping Camping Barn	Clark House Farm, Chipping, Nr Preston	Lancashire	PR3 2GQ	0800 019100	53.886650	-2.584820	SD 617 435	102		campingbarns@yha.org.uk	http://www.yha.org.uk/barn/chipping-camping-barn	
North West	Cockermouth	Double Mills, Cockermouth	Cumbria	CA13 0DS	0845 371 9313	54.656128	-3.367444	NY 119 299	89	1933	cockermouth@yha.org.uk	http://www.yha.org.uk/hostel/cockermouth	
North West	Coniston Coppermines	Coniston	Cumbria	LA21 8HP	0845 371 9630	54.377599	-3.095299	SD 290 986	96	1932	coppermines@yha.org.uk	http://www.yha.org.uk/hostel/coniston-coppermines	
North West	Coniston Holly How	Holly How, Far End, Coniston	Cumbria	LA21 8DD	0845 371 9511	54.373310	-3.075600	SD 302 981	96	1950	conistonhh@yha.org.uk	http://www.yha.org.uk/hostel/coniston-holly-how	
North West	Downham Camping Barn	c/o West Lane Farmhouse, Downham, Clitheroe	Lancashire	BB7 4BS	0800 0191700	53.895890	-2.313930	SD 795 445	103		campingbarns@yha.org.uk	http://www.yha.org.uk/barn/downham-camping-barn	
North West	Dufton	Dufton, Appleby	Cumbria	CA16 6DB	0845 371 9734	54.619877	-2.484206	NY 688 251	91	1975	dufton@yha.org.uk	http://www.yha.org.uk/hostel/dufton	
North West	Elterwater	Elterwater, Ambleside	Cumbria	LA22 9HX	0845 371 9017	54.432958	-3.038527	NY 327 047	90	1939	elterwater@yha.org.uk	http://www.yha.org.uk/hostel/elterwater	
North West	Ennerdale	Cat Crag, Ennerdale, Cleator	Cumbria	CA23 3AX	0845 371 9116	54.514804	-3.326677	NY 142 141	89	1970	ennerdale@yha.org.uk	http://www.yha.org.uk/hostel/ennerdale	
North West	Eskdale	Boot, Holmrook	Cumbria	CA19 1TH	0845 371 9317	54.398900	-3.241300	NY 195 011	89	1938	eskdale@yha.org.uk	http://www.yha.org.uk/hostel/eskdale	
North West	Grasmere Butharlyp Howe	Easedale Road, Grasmere	Cumbria	LA22 9QG	0845 371 9319	54.462200	-3.024655	NY 337 079	90	1959	grasmere@yha.org.uk	http://www.yha.org.uk/hostel/grasmere-butharlyp-howe	Butterlip How
North West	Hawkshead	Hawkshead, Ambleside	Cumbria	LA22 0QD	0845 371 9321	54.361697	-2.994753	SD 355 967	96	1942	hawkshead@yha.org.uk	http://www.yha.org.uk/hostel/hawkshead	
North West	Hawse End Bunkhouse	Hawse End Cottage, Portinscale, Keswick	Cumbria	CA12 5UE	01768 812280	54.579000	-3.161530	NY 250 210	90		hawesend@yha.org.uk	http://www.yha.org.uk/hostel/hawse-end-bunkhouse	
North West	Helvellyn	Greenside, Glenridding, Penrith	Cumbria	CA11 0QR	0845 371 9742	54.547756	-2.981393	NY 366 174	90	1948	helvellyn@yha.org.uk	http://www.yha.org.uk/hostel/helvellyn	
North West	High Gillerthwaite Camping Barn	High Gillerthwaite, Ennerdale	Cumbria	CA23 3AX	0800 0191 700	54.514820	-3.326690	NY 142 141	89		campingbarns@yha.org.uk	http://www.yha.org.uk/barn/high-gillerthwaite-camping-barn	
North West	Honister Hause	Seatoller, Keswick	Cumbria	CA12 5XN	0845 371 9522	54.511433	-3.197834	NY 225 136	89	1942	honister@yha.org.uk	http://www.yha.org.uk/hostel/honister-hause	
North West	Keswick	Station Road, Keswick	Cumbria	CA12 5LH	0845 371 9746	54.602104	-3.135020	NY 268 236	89	1933	keswick@yha.org.uk	http://www.yha.org.uk/hostel/keswick	
North West	King's House, Slaidburn	King's House, Slaidburn, Clitheroe	Lancashire	BB7 3ER	0845 371 9343	53.966417	-2.441575	SD 711 524	103	1933	slaidburn@yha.org.uk	http://www.yha.org.uk/hostel/slaidburn	
North West	Langdale	High Close, Loughrigg, Ambleside	Cumbria	LA22 9HJ	0845 371 9748	54.438570	-3.021480	NY 338 053	90	1955	langdale@yha.org.uk	http://www.yha.org.uk/hostel/langdale	
North West	Liverpool	25 Tabley Street, off Wapping, Liverpool	Merseyside	L1 8EE	0845 371 9527	53.398000	-2.986300	SJ 345 895	108	1997	liverpool@yha.org.uk	http://www.yha.org.uk/hostel/liverpool	
North West	Manchester	Potato Wharf, Castlefield, Manchester	Manchester	M3 4NB	0845 371 9647	53.475618	-2.257352	SJ 830 977	109	1995	manchester@yha.org.uk	http://www.yha.org.uk/hostel/manchester	
North West	Patterdale	Patterdale, Penrith	Cumbria	CA11 0NW	0845 371 9337	54.532633	-2.930458	NY 399 157	90	1971	patterdale@yha.org.uk	http://www.yha.org.uk/hostel/patterdale	
North West	Skiddaw Bunkhouse	Bassenthwaite, Keswick	Cumbria	CA12 4QX	07747 174293	54.652016	-3.106266	NY 287 291	89	2007	skiddaw@yha.org.uk	http://www.yha.org.uk/hostel/skiddaw-bunkhouse	
North West	Trawden Camping Barn	Middle Beardshaw Farm, Burnley Road, Trawden	Lancashire	BB8 8PP	0800 0191 700	53.839507	-2.146170	SD 905 382	103		campingbarns@yha.org.uk	http://www.yha.org.uk/barn/trawden-camping-barn	
North West	Wastwater	Wasdale Hall, Wasdale, Seascale	Cumbria	CA20 1ET	0845 371 9350	54.428558	-3.319706	NY 145 045	89	1969	wastwater@yha.org.uk	http://www.yha.org.uk/hostel/wastwater	
North West	Windermere	Bridge Lane, Troutbeck, Windermere	Cumbria	LA23 1LA	0845 371 9352	54.403862	-2.917495	NY 405 013	90	1935	windermere@yha.org.uk	http://www.yha.org.uk/hostel/windermere	
Scotland - Highlands	Aberdeen	8 Queen's Road Aberdeen		AB15 4ZT	01224 646988	57.142550	-2.130950	NJ 922057			aberdeen@syha.org.uk	http://www.syha.org.uk/hostels-in-scotland/highlands/aberdeen.aspx	
Scotland - Highlands	Achininver	Achiltibuie Ullapool		IV26 2YL	01854 622482	57.996920	-5.313530	NC 043057			achininver@syha.org.uk	http://www.syha.org.uk/hostels-in-scotland/highlands/achininver.aspx	
Scotland - Highlands	Achmelvich Beach	Recharn Lairg		IV27 4JB	01571 844480	58.169703	-5.300662	NC 060248			achmelvich@syha.org.uk	http://www.syha.org.uk/hostels-in-scotland/highlands/achmelvich-beach.aspx	
Scotland - Highlands	Applecross	Hartfield House Applecross		IV54 8ND	01520 744 333	57.444870	-5.813310	NG 713458			info@hartfieldhouse.org.uk	http://www.syha.org.uk/hostels-in-scotland/highlands/applecross.aspx	
Scotland - Highlands	Aviemore	25 Grampian Road Aviemore		PH22 1PR	01479 810345	57.184290	-3.832960	NH 893119			aviemore@syha.org.uk	http://www.syha.org.uk/hostels-in-scotland/highlands/aviemore.aspx	
Scotland - Highlands	Braemar	Corrie Feragie 21 Glenshee Road		AB35 5YQ	01339 741659	57.002457	-3.392552	NO 155910			braemar@syha.org.uk	http://www.syha.org.uk/hostels-in-scotland/highlands/braemar.aspx	
Scotland - Highlands	Cairngorm Lodge	Glenmore Aviemore		PH22 1QY	01479 861238	57.167990	-3.694290	NH 976098			cairngormlodge@syha.org.uk	http://www.syha.org.uk/hostels-in-scotland/highlands/cairngorm-lodge.aspx	
Scotland - Highlands	Carrbridge	Slochd Carrbridge		PH23 3AY	01479 841 666	57.290210	-3.912900	NH 848238			slochd666@aol.com	http://www.syha.org.uk/hostels-in-scotland/highlands/carrbridge.aspx	
Scotland - Highlands	Crianlarich	Station Road Crianlarich		FK20 8QN	01838 300260	56.391880	-4.616720	NN 386253			crianlarich@syha.org.uk	http://www.syha.org.uk/hostels-in-scotland/highlands/crianlarich.aspx	
Scotland - Highlands	Drumnadrochit	Loch Ness Backpackers Coiltie Farmhouse		IV63 6UN	0845 293 73 73	57.327870	-4.473730	NH 512291			info@lochness-backpackers.com	http://www.syha.org.uk/hostels-in-scotland/highlands/drumnadrochit.aspx	
Scotland - Highlands	Dunkeld - Jessie Mac's	Jessie Mac's Murthly Terrace		PH8 0BG	01350 727 324	56.558640	-3.576640	NO 032419			info@jessiemacs.co.uk	http://www.syha.org.uk/hostels-in-scotland/highlands/dunkeld-jessie-macs.aspx	
Scotland - Highlands	Durness	Smoo Lairg		IV27 4QA	01971 511264	58.564013	-4.722012	NC 418672			durness@syha.org.uk	http://www.syha.org.uk/hostels-in-scotland/highlands/durness.aspx	
Scotland - Highlands	Fort Augustus	Morag's Lodge Bunoich Brae		PH32 4DG	0845 293 73 73	57.148180	-4.681850	NH 379096			infor@moragslodge.com	http://www.syha.org.uk/hostels-in-scotland/highlands/fort-augustus.aspx	
Scotland - Highlands	Gairloch Carn Dearg	Gairloch Ross-shire		IV21 2DJ	01445 712219	57.732430	-5.759020	NG 763776			carndearg@syha.org.uk	http://www.syha.org.uk/hostels-in-scotland/highlands/gairloch-carn-dearg.aspx	
Scotland - Highlands	Glen Affric	Allt Beithe Glen Affric		IV4 7ND	0845 293 7373	57.388700	-4.679680	NH 390363			reservations@syha.org.uk	http://www.syha.org.uk/hostels-in-scotland/highlands/glen-affric.aspx	
Scotland - Highlands	Glen Nevis	Glen Nevis Fort William		PH33 6SY	01397 702336	56.799780	-5.067590	NN 128718			glen.nevis@syha.org.uk	http://www.syha.org.uk/hostels-in-scotland/highlands/glen-nevis.aspx	
Scotland - Highlands	Glen Urquhart	Bearnock Country Centre Glen Urquhart		IV63 6TN	07780 60 30 45	57.336690	-4.627010	NH 420304			info@bcclochnesshostel.co.uk	http://www.syha.org.uk/hostels-in-scotland/highlands/glen-urquhart.aspx	
Scotland - Highlands	Glencoe	Glencoe Ballachulish		PH49 4HX	01855 811219	56.672222	-5.073774	NN 118576			glencoe@syha.org.uk	http://www.syha.org.uk/hostels-in-scotland/highlands/glencoe.aspx	
Scotland - Highlands	Grantown-on-Spey	Ardenbeg Bunkhouse Grant Road		PH26 3LD	0845 293 73 73	57.330380	-3.611480	NJ 031278			enquiries@ardenbeg.co.uk	http://www.syha.org.uk/hostels-in-scotland/highlands/grantown-on-spey.aspx	
Scotland - Highlands	Helmsdale	Helmsdale Sutherland		KW8 6JR	01431 821636	58.117250	-3.649000	ND 030154			irene.drummond@btinternet.com	http://www.syha.org.uk/hostels-in-scotland/highlands/helmsdale.aspx	
Scotland - Highlands	Invergarry Lodge	Mandally Road Invergarry		PH35 4HP	0845 293 73 73	57.067030	-4.800910	NH 303008			mail@invergarrylodge.co.uk	http://www.syha.org.uk/hostels-in-scotland/highlands/invergarry-lodge.aspx	
Scotland - Highlands	Inverness	Victoria Drive Inverness		IV2 3QB	01463 231771	57.480340	-4.212510	NH 674455			inverness@syha.org.uk	http://www.syha.org.uk/hostels-in-scotland/highlands/inverness.aspx	
Scotland - Highlands	Inverness Hillview House	24 Merlewood Road Inverness		IV2 4NL	7581111200	57.463010	-4.223290	NH 667436			info@invernesshostel.co.uk	http://www.syha.org.uk/hostels-in-scotland/highlands/inverness-hillview-house.aspx	
Scotland - Highlands	Kinloss	The Loft East Grange Farm		IV36 2UD	01343 850 111	57.633790	-3.525290	NJ 090615			theloft@eastgrange.co.uk	http://www.syha.org.uk/hostels-in-scotland/highlands/kinloss.aspx	
Scotland - Highlands	Loch Ness	Glenmoriston Inverness-shire		IV63 7YD	01320 351 274	57.237220	-4.557380	NH 458192			lochness@syha.org.uk	http://www.syha.org.uk/hostels-in-scotland/highlands/loch-ness.aspx	
Scotland - Highlands	Loch Ossian	Corrour By Fort William		PH30 4AA	01397 732207	56.792160	-4.601610	NN 412698			lochossian@syha.org.uk	http://www.syha.org.uk/hostels-in-scotland/highlands/loch-ossian.aspx	
Scotland - Highlands	Oban	Esplanade Oban		PA34 5AF	01631 562025	56.420020	-5.480180	NM 855307			oban@syha.org.uk	http://www.syha.org.uk/hostels-in-scotland/highlands/oban.aspx	
Scotland - Highlands	Pitlochry	Knockard Road Pitlochry		PH16 5HJ	01796 472308	56.705880	-3.729320	NN 942585			pitlochry@syha.org.uk	http://www.syha.org.uk/hostels-in-scotland/highlands/pitlochry.aspx	
Scotland - Highlands	Prosen	Glenprosen Kirriemuir		DD8 4SA	01575 540238	56.783070	-3.114720	NO 320663			webite@prosenhostel.co.uk	http://www.syha.org.uk/hostels-in-scotland/highlands/prosen.aspx	
Scotland - Highlands	Ratagan	Glenshiel Kyle		IV40 8HP	01599 511243	57.222597	-5.446377	NG 920199			ratagan@syha.org.uk	http://www.syha.org.uk/hostels-in-scotland/highlands/ratagan.aspx	
Scotland - Highlands	Tomintoul	Main Street Tomintoul		AB37 9EX	01807 580 364	57.249600	-3.376070	NJ 171185			info@thesmugglershostel.co.uk	http://www.syha.org.uk/hostels-in-scotland/highlands/tomintoul.aspx	
Scotland - Highlands	Tongue	Tongue By Lairg		IV27 4XH	01847 611789	58.492494	-4.427164	NC 586586			tongue@syha.org.uk	http://www.syha.org.uk/hostels-in-scotland/highlands/tongue.aspx	
Scotland - Highlands	Torridon	Torridon by Achnasheen		IV22 2EZ	01445 791284	57.544161	-5.504352	NG 904559			torridon@syha.org.uk	http://www.syha.org.uk/hostels-in-scotland/highlands/torridon.aspx	
Scotland - Highlands	Ullapool	Shore Street Ullapool		IV26 2UJ	01854 612 254	57.896180	-5.157770	NH 129940			ullapool@syha.org.uk	http://www.syha.org.uk/hostels-in-scotland/highlands/ullapool.aspx	
Scotland - Islands	Berneray	Isle of Berneray North Uist		HS6 5BQ	0845 293 73 73	57.717334	-7.153800	NF 932814			ghht@gatliff.org.uk	http://www.syha.org.uk/hostels-in-scotland/islands/berneray.aspx	
Scotland - Islands	Birsay	Birsay Outdoor Centre Birsay		KW17 2LY	01856 873535	59.124970	-3.301670	HY 256272			recreation@orkney.gov.uk	http://www.syha.org.uk/hostels-in-scotland/islands/birsay.aspx	
Scotland - Islands	Broadford	Broadford Isle of Skye		IV49 9AA	01471 822442	57.246613	-5.911442	NG 641241			broadford@syha.org.uk	http://www.syha.org.uk/hostels-in-scotland/islands/broadford.aspx	
Scotland - Islands	Brodick	The National Trust for Scotland Brodick Castle		KA27 8HY	0844 4932152	55.593870	-5.150890	NS 016379			brodickcastle@nts.org.uk	http://www.syha.org.uk/hostels-in-scotland/islands/brodick.aspx	
Scotland - Islands	Coll Bunkhouse	An Cridhe Arinagour		PA78 6SY	01879 230 217	56.623290	-6.527070	NM 224571			info@collbunkhouse.co.uk	http://www.syha.org.uk/hostels-in-scotland/islands/coll-bunkhouse.aspx	
Scotland - Islands	Cumbrae	Isle of Cumbrae		KA28 0HQ	01475 530 757	55.773720	-4.907220	NS 177572			cumbraecentre@sportscotland.org.uk	http://www.syha.org.uk/hostels-in-scotland/islands/cumbrae.aspx	
Scotland - Islands	Eday	London Bay Eday		KW17 2AB	0845 293 73 73	59.225030	-2.762180	HY 566379			reservations@syha.org.uk	http://www.syha.org.uk/hostels-in-scotland/islands/eday.aspx	
Scotland - Islands	Eigg	Isle of Eigg by Mallaig		PH42 4RL	1687482417	56.901890	-6.142750	NM 479866			admin@glebebarn.co.uk	http://www.syha.org.uk/hostels-in-scotland/islands/eigg.aspx	
Scotland - Islands	Glenbrittle	Glenbrittle Carbost		IV47 8TA	01478 640278	57.219858	-6.293108	NG 409225			glenbrittle@syha.org.uk	http://www.syha.org.uk/hostels-in-scotland/islands/glenbrittle.aspx	
Scotland - Islands	Howmore	South Uist		HS8 5SH	0845 293 73 73	57.301150	-7.373420	NF 765362			ghht@gatliff.org.uk	http://www.syha.org.uk/hostels-in-scotland/islands/howmore.aspx	
Scotland - Islands	Hoy	Hoy Stromness		KW16 3NJ	01856 873535 ext 2404	58.911970	-3.330400	HY 235035			community.recreation@orkney.gov.uk	http://www.syha.org.uk/hostels-in-scotland/islands/hoy.aspx	
Scotland - Islands	Kershader	Kershader Community Hostel Ravenspoint		HS2 9QA	01851 880236	58.089240	-6.514720	NB 340200			reservations@syha.org.uk	http://www.syha.org.uk/hostels-in-scotland/islands/kershader.aspx	
Scotland - Islands	Kirkwall	Old Scapa Road Kirkwall		KW15 1BB	01856 872 243	58.975990	-2.969230	HY 444103			kirkwall@syha.org.uk	http://www.syha.org.uk/hostels-in-scotland/islands/kirkwall.aspx	
Scotland - Islands	Lerwick	Islesburgh House King Harald Street		ZE1 0EQ	0845 293 73 73	60.152730	-1.149260	HU 473412			reception.islesburgh@shetland.gov.uk	http://www.syha.org.uk/hostels-in-scotland/islands/lerwick.aspx	
Scotland - Islands	Lochranza	Lochranza Isle of Arran		KA27 8HL	01770 830631	55.704770	-5.294780	NR 931506			lochranza@syha.org.uk	http://www.syha.org.uk/hostels-in-scotland/islands/lochranza.aspx	
Scotland - Islands	Papa Westray	Beltane House Papa Westray		KW17 2BU	0845 293 73 73	59.347390	-2.893250	HY 493516			beltanepapay@aol.co.uk	http://www.syha.org.uk/hostels-in-scotland/islands/papa-westray.aspx	
Scotland - Islands	Port Charlotte, Islay	Port Charlotte Isle of Islay		PA48 7TX	01496 850 385	55.740858	-6.377617	NR 253584			islay@syha.org.uk	http://www.syha.org.uk/hostels-in-scotland/islands/port-charlotte,-islay.aspx	
Scotland - Islands	Raasay	Creachan Cottage Raasay		IV40 8NT	01478 660 240	57.348660	-6.063580	NG 556360			raasay@syha.org.uk	http://www.syha.org.uk/hostels-in-scotland/islands/raasay.aspx	
Scotland - Islands	Rackwick	Hoy Stromness		KW16 3NJ	01856 873535, Ext 2404	58.911970	-3.330400	HY 235035			community.recreation@orkney.gov.uk	http://www.syha.org.uk/hostels-in-scotland/islands/rackwick.aspx	
Scotland - Islands	Rhenigidale	Rhenigidale Isle of Harris		HS3 3BD		57.919796	-6.681207	NB 229019			ghht@gatliff.org.uk	http://www.syha.org.uk/hostels-in-scotland/islands/rhenigidale.aspx	
Scotland - Islands	Tobermory	Main Street Tobermory		PA75 6NU	01688 302 481	56.623150	-6.066590	NM 506553			tobermory@syha.org.uk	http://www.syha.org.uk/hostels-in-scotland/islands/tobermory.aspx	
Scotland - Islands	Uig	Uig Isle of Skye		IV51 9YD	01470 542 746	57.581864	-6.357841	NG 396630			uig@syha.org.uk	http://www.syha.org.uk/hostels-in-scotland/islands/uig.aspx	
Scotland - Lowlands	Broadmeadows	Yarrowford Selkirk		TD7 5LZ	01750 76372	55.563572	-2.925942	NT 417304			broadmeadows@syha.org.uk	http://www.syha.org.uk/hostels-in-scotland/lowlands/broadmeadows.aspx	
Scotland - Lowlands	Campbeltown Bunkhouse	Big Kiln Campbeltown		PA28 6JF	01586 551188	55.423600	-5.607550	NR 718203			info@campbeltownbunkhouse.co.uk	http://www.syha.org.uk/hostels-in-scotland/lowlands/campbeltown-bunkhouse.aspx	
Scotland - Lowlands	Comrie Croft	Braincroft Perthshire		PH7 4JZ	0845 293 73 73	56.384040	-3.943140	NN 801230			info@comriecroft.com	http://www.syha.org.uk/hostels-in-scotland/lowlands/comrie-croft.aspx	
Scotland - Lowlands	Edinburgh Central	9 Haddington Place Edinburgh		EH7 4AL	0131 524 2090	55.959960	-3.183090	NT 262747			central@syha.org.uk	http://www.syha.org.uk/hostels-in-scotland/lowlands/edinburgh-central.aspx	
Scotland - Lowlands	Edinburgh Metro	11/2 Robertson's Close Cowgate Edinburgh		EH1 1LY	0131 524 2090	55.948790	-3.185810	NT 260735			edinburgh.metro@syha.org.uk	http://www.syha.org.uk/hostels-in-scotland/lowlands/edinburgh-metro.aspx	
Scotland - Lowlands	Glasgow	8 Park Terrace Glasgow		G3 6BY	0141 332 3004	55.869240	-4.280810	NS 574664			glasgow@syha.org.uk	http://www.syha.org.uk/hostels-in-scotland/lowlands/glasgow.aspx	
Scotland - Lowlands	Inveraray	Dalmally Road Inveraray		PA32 8XD	01499 302454	56.231840	-5.076380	NN 094086			inveraray@syha.org.uk	http://www.syha.org.uk/hostels-in-scotland/lowlands/inveraray.aspx	
Scotland - Lowlands	Inversnaid	Inversnaid Stirling		FK8 3TU	01877 386249	56.249170	-4.668800	NN 347095				http://www.syha.org.uk/hostels-in-scotland/lowlands/inversnaid.aspx	
Scotland - Lowlands	Kirk Yetholm	Friends of Nature House Waukford		TD5 8PG	01573 420 639	55.548220	-2.277360	NT 826283			kirkyetholm@thefriendsofnature.org.uk	http://www.syha.org.uk/hostels-in-scotland/lowlands/kirk-yetholm.aspx	
Scotland - Lowlands	New Lanark	Wee Row Rosedale Street		ML11 9DJ	01555 666710	55.664060	-3.782110	NS 880426			newlanark@syha.org.uk	http://www.syha.org.uk/hostels-in-scotland/lowlands/new-lanark.aspx	
Scotland - Lowlands	Newton Stewart, Minnigaff	Newton Stewart Wigtownshire		DG8 6PL	01671 402 211	54.965203	-4.482466	NX 412662			newtonstewart@syha.org.uk	http://www.syha.org.uk/hostels-in-scotland/lowlands/newton-stewart,-minnigaff.aspx	
Scotland - Lowlands	Perth	Perth College Crieff Road		PH1 2GA	01738 877 800	56.405370	-3.459500	NO 100246			perthresidencemanager@syha.org.uk	http://www.syha.org.uk/hostels-in-scotland/lowlands/perth.aspx	
Scotland - Lowlands	Rowardennan Lodge	By Drymen Glasgow		G63 0AR	01360 870259	56.149410	-4.641410	NS 360983			rowardennan@syha.org.uk	http://www.syha.org.uk/hostels-in-scotland/lowlands/rowardennan-lodge.aspx	
Scotland - Lowlands	St Andrews	Agnes Blackadder Hall North Haugh		KY16 9XW	0845 293 73 73	56.340450	-2.814040	NO 498168			cgsadmin@st-andrews.ac.uk	http://www.syha.org.uk/hostels-in-scotland/lowlands/st-andrews.aspx	
Scotland - Lowlands	Stirling	St. John Street Stirling		FK8 1EA	01786 473442	56.120440	-3.943570	NS 793937			stirling@syha.org.uk	http://www.syha.org.uk/hostels-in-scotland/lowlands/stirling.aspx	
South East	Alfriston	Frog Firle, Seaford Road, Alfriston, Polegate	East Sussex	BN26 5TT	0845 371 9101	50.797274	0.152371	TQ 518 020	199	1953	alfriston@yha.org.uk	http://www.yha.org.uk/hostel/alfriston	
South East	Blackboys Bunkhouse	The Glade, Gun Road, Blackboys, Uckfield	Sussex	TN22 5HU	0845 371 9105	50.972822	0.165058	TQ 521 215	199	1944	blackboys@yha.org.uk	http://www.yha.org.uk/hostel/blackboys-bunkhouse	
South East	Brighstone	Hurst Hill, Totland Bay	Isle of Wight		0845 371 9348	50.643555	-1.395457	SZ 428 828	196		brighstone@yha.org.uk	http://www.yha.org.uk/hostel/brighstone	
South East	Canterbury	54 New Dover Road, Canterbury	Kent	CT1 3DT	0845 371 9010	51.271692	1.091335	TR 157 570	179		canterbury@yha.org.uk	http://www.yha.org.uk/hostel/canterbury	
South East	Cold Blow Camping Barn	Cold Blow Farm, Cold Blow Lane, Thurnham	Kent	ME14 3LR	0800 0191700	51.292200	0.611710	TQ 822 580	188		campingbarns@yha.org.uk	http://www.yha.org.uk/barn/cold-blow-camping-barn	
South East	Eastbourne	1 East Dean Road, Eastbourne	East Sussex	BN20 8ES	0845 371 9316	50.769104	0.250561	TV 588 990	199	2009	eastbourne@yha.org.uk	http://www.yha.org.uk/hostel/eastbourne	
South East	Hindhead	Devil's Punchbowl, off Portsmouth Road, Thursley, Godalming	Surrey	GU8 6NS	0845 371 9022	51.124273	-0.724647	SU 893 369	186	1949	hindhead@yha.org.uk	http://www.yha.org.uk/hostel/hindhead	
South East	Holmbury	Radnor Lane, Dorking	Surrey	RH5 6NW	0845 371 9323	51.194147	-0.420847	TQ 104 451	187	1935	holmbury@yha.org.uk	http://www.yha.org.uk/hostel/holmbury	Harden Moss
South East	Isle of Wight  Cowes UKSA	Arctic Road, Cowes	Isle of Wight	PO31 7PQ	01983 294941	50.757973	-1.292760	SZ 500 956			yhabookings@uksa.org	http://www.yha.org.uk/hostel/uksa-cowes	
South East	Jordans	Welders Lane, Jordans, Beaconsfield	Buckinghamshire	HP9 2SN	0845 371 9523	51.610057	-0.592401	SU 976 911	175	1933	jordans@yha.org.uk	http://www.yha.org.uk/hostel/jordans	
South East	Littlehampton	Littlehampton	West Sussex	BN17 5AW	0845 371 9670	50.808272	-0.545281	TQ 026 020	197	2003	littlehampton@yha.org.uk	http://www.yha.org.uk/hostel/littlehampton	
South East	Margate	3-4 Royal Esplanade, Westbrook Bay, Margate	Kent	CT9 5DL	01843 221616	51.385120	1.364169	TR 342 705	179	1998	margate@yha.org.uk	http://www.yha.org.uk/hostel/margate	
South East	Medway	351 Capstone Road, Gillingham	Kent	ME7 3JE	0845 371 9649	51.357857	0.558034	TQ 782 652	178		medway@yha.org.uk	http://www.yha.org.uk/hostel/medway	
South East	Milton Keynes	Vicarage Road, Bradwell Village, Milton Keynes	Buckinghamshire	MK13 9AG	0845 371 9307	52.047950	-0.789000	SP 831 395	152	1982	miltonkeynes@yha.org.uk	http://www.yha.org.uk/hostel/milton-keynes	
South East	New Forest	Cott Lane, Burley Ringwood	Hampshire	BH24 4BB	0845 371 9309	50.824380	-1.687614	SU 220 028	195		burley@yha.org.uk	http://www.yha.org.uk/hostel/new-forest	
South East	Oxford	2a Botley Road, Oxford	Oxfordshire	OX2 0AB	0845 371 9131	51.752897	-1.266399	SP 507 063	164	2001	oxford@yha.org.uk	http://www.yha.org.uk/hostel/oxford	
South East	Puttenham Camping Barn	The Street, Puttenham, Nr Guildford	Surrey	GU3 1AR	0800 0191 700	51.222670	-0.665960	SU 933 479	145		campingbarns@yha.org.uk	http://www.yha.org.uk/barn/puttenham-camping-barn	
South East	South Downs	Itford Farm, Beddingham, Lewes	East Sussex	BN8 6JS		50.831591	0.034021	TQ 433 055	198		southdowns@yha.org.uk	http://www.yha.org.uk/hostel/south-downs	
South East	Streatley	Reading Road, Streatley	Berkshire	RG8 9JJ	0845 371 9044	51.521815	-1.148734	SU 592 807	174	1937	streatley@yha.org.uk	http://www.yha.org.uk/hostel/streatley	
South East	Tanners Hatch	Ranmore Common Road, Dorking	Surrey	RH5 6BE	0845 371 9542	51.252025	-0.367452	TQ 140 516	187	1945	tanners@yha.org.uk	http://www.yha.org.uk/hostel/tanners-hatch	
South East	Telscombe	Bank Cottages, Telscombe, Lewes	East Sussex	BN7 3HZ	0845 371 9663	50.812445	-0.006569	TQ 405 033	198	1979	telscombe@yha.org.uk	http://www.yha.org.uk/hostel/telscombe	
South East	Totland	Hurst Hill, Totland Bay	Isle of Wight	PO39 0HD	01983 752 165	50.677089	-1.541704	SZ 325 865	196	1975	totland@yha.org.uk	http://www.yha.org.uk/hostel/totland	
South East	Truleigh Hill	Tottington Barn, Shoreham-by-Sea	West Sussex	BN43 5FB	0845 371 9047	50.882035	-0.262730	TQ 223 106	198	1968	truleigh@yha.org.uk	http://www.yha.org.uk/hostel/truleigh-hill	
South West	Bath	Bathwick Hill, Bath	Somerset	BA2 6JZ	0845 3719303	51.379157	-2.340667	ST 764 645	172	1954	bath@yha.org.uk	http://www.yha.org.uk/hostel/bath	
South West	Beer	Bovey Combe, Beer, Seaton	Devon	EX12 3LL	0845 371 9502	50.701500	-3.101095	SY 223 897	192	1962	beer@yha.org.uk	http://www.yha.org.uk/hostel/beer	
South West	Boscastle	Palace Stables, Boscastle	Cornwall	PL35 0HD	0845 371 9006	50.690740	-4.695582	SX 097 914	190	1962	boscastle@yha.org.uk	http://www.yha.org.uk/hostel/boscastle	
South West	Boswinger	Boswinger, Gorran, St Austell	Cornwall	PL26 6LL	0845 371 9107	50.235406	-4.818937	SW 991 411	105	1933	boswinger@yha.org.uk	http://www.yha.org.uk/hostel/boswinger	
South West	Bristol	14 Narrow Quay, Bristol	Bristol	BS1 4QA	0845 371 9726	51.449822	-2.597445	ST 586 725	172	1988	bristol@yha.org.uk	http://www.yha.org.uk/hostel/bristol	
South West	Cheddar	Hillfield, Cheddar	Somerset	BS27 3HN	0845 371 9730	51.277688	-2.781934	ST 456 535	182	1953	cheddar@yha.org.uk	http://www.yha.org.uk/hostel/cheddar	
South West	Cholderton	Beacon House, Amesbury Road, Cholderton	Wiltshire	SP4 0EW	01980 629438	51.180234	-1.701599	SU 210 424	184	2005	choldertonstonehenge@yha.org.uk	http://www.yha.org.uk/hostel/cholderton	
South West	Coverack	Parc Behan, School Hill, Coverack, Helston	Cornwall	TR12 6SA	0845 371 9014	50.021776	-5.096964	SW 783 181	204	1976	coverack@yha.org.uk	http://www.yha.org.uk/hostel/coverack	
South West	Dartmoor	Bellever, Postbridge	Devon	PL20 6TU	0845 371 9622	50.580648	-3.901563	SX 655 774	191	1934	dartmoor@yha.org.uk	http://www.yha.org.uk/hostel/dartmoor	
South West	Elmscott Bunkhouse	Hartland, Bideford	Devon	EX39 6ES	0845 3719736	50.967488	-4.520579	SS 231 217	190	1949	elmscott@yha.org.uk	http://www.yha.org.uk/hostel/elmscott-bunkhouse	
South West	Exford	Exe Mead, Exford, Minehead	Somerset	TA24 7PU	0845 371 9634	51.132639	-3.640911	SS 853 383	181	1965	exford@yha.org.uk	http://www.yha.org.uk/hostel/exford	
South West	Golant	Penquite House, Golant, Fowey	Cornwall	PL23 1LA	0845 371 9019	50.370564	-4.647682	SX 118 556	200	1970	golant@yha.org.uk	http://www.yha.org.uk/hostel/golant	
South West	Great Hound Tor Camping Barn	Great Hound Tor, Manaton, Newton Abbot	Devon	TQ13 9UW	0800 0191 700	50.602110	-3.769104	SX 749 795	191		campingbarns@yha.org.uk	http://www.yha.org.uk/barn/great-hound-tor-camping-barn	
South West	Jersey - Durrell Wildlife Hostel	Les Noyers Residence, La Profonde Rue, Trinity	Jersey	JE3 5BP	1534860025	49.229571	-2.075129	XD 946 254		1963	hostelbookings@durrell.org	http://www.yha.org.uk/hostel/jersey-durrell-wildlife-hostel	
South West	Lands End	Letcha Vean, St Just-in-Penwith, Penzance	Cornwall	TR19 7NT	0845 371 9643	50.115914	-5.688407	SW 364 305	203	1939	landsend@yha.org.uk	http://www.yha.org.uk/hostel/lands-end	
South West	Litton Cheney	Litton Cheney, Dorchester	Dorset	DT2 9AT	0845 371 9329	50.707703	-2.640401	SY 549 900	194	1937	littoncheney@yha.org.uk	http://www.yha.org.uk/hostel/litton-cheney	
South West	Lizard Point	The Polbrean, Lizard Point	Cornwall	TR12 7NT	0845 371 9550	49.960124	-5.203534	SW 703 116	204	2003	lizard@yha.org.uk	http://www.yha.org.uk/hostel/lizard-point	
South West	Lulworth Cove	School Lane, West Lulworth, Wareham	Dorset	BH20 5SA	0845 371 9331	50.625090	-2.240025	SY 831 806	194	1983	lulworth@yha.org.uk	http://www.yha.org.uk/hostel/lulworth-cove	
South West	Lydford Camping Barn	Fox and Hounds Hotel, Bridestowe, Okehampton	Devon	EX20 4HF	0800 0191 700	50.661060	-4.087710	SX 525 867	191		campingbarns@yha.org.uk	http://www.yha.org.uk/barn/lydford-camping-barn	
South West	Minehead	Alcombe Combe, Minehead	Somerset	TA24 6EW	0845 371 9033	51.187860	-3.470875	SS 973 442	181	1959	minehead@yha.org.uk	http://www.yha.org.uk/hostel/minehead	
South West	Mullacott Camping Barn	Mullacott farm, Mullacott Cross, Ilfracombe	Devon	EX34 8NA	0800 0191 700	51.187190	-4.128810	SS 513 453	180		campingbarns@yha.org.uk	http://www.yha.org.uk/barn/mullacott-camping-barn	
South West	Northcombe Camping Barns	Northcombe Farm, Hollam, Dulverton	Somerset	TA22 9SH	0800 0191 700	51.051646	-3.545780	SS 918 292	181		campingbarns@yha.org.uk	http://www.yha.org.uk/barn/northcombe-camping-barns	
South West	Okehampton	Klondyke road, Okehampton	Devon	EX20 1EW	01837 53916	50.732191	-3.996212	SX 592 944	191	1997	okehampton@yha.org.uk	http://www.yha.org.uk/hostel/okehampton	
South West	Okehampton Bracken Tor	Bracken Tor, Saxongate, Okehampton	Devon	EX20 1QW	0844 293 0555	50.727270	-4.001400	SX 588 939	191		brackentor@yha.org.uk	http://www.yha.org.uk/hostel/okehampton-bracken-tor	
South West	Penzance	Castle Horneck, Penzance	Cornwall	TR20 8TF	0845 371 9653	50.117926	-5.557929	SW 458 303	203	1950	penzance@yha.org.uk	http://www.yha.org.uk/hostel/penzance	
South West	Perranporth	Droskyn Point, Perranporth	Cornwall	TR6 0GS	0845 371 9755	50.346100	-5.161710	SW 752 544	204	1982	perranporth@yha.org.uk	http://www.yha.org.uk/hostel/perranporth	
South West	Pinkery Bunkhouse	Pinkery Centre, Simonsbath, Minehead	Somerset	TA24 7LL	01643 831437	51.155158	-3.827394	SS 723 411	180		pinkery@yha.org.uk	http://www.yha.org.uk/hostel/pinkery-bunkhouse	
South West	Plymouth University	Plymouth University, Gibbon Street, Plymouth	Devon	PL4 8BT	01752 588 599	50.374115	-4.135794	SX 482 549	201		summeraccommodation@plymouth.ac.uk	http://www.yha.org.uk/hostel/plymouth-university	
South West	Portland	Hardy House, Castle Road, Castle Town	Dorset	DT5 1AU	0845 371 9339	50.563974	-2.446242	SY 685 739	194	2001	portland@yha.org.uk	http://www.yha.org.uk/hostel/portland	
South West	Portreath Bunkhouse	Nance Farm, Illogan, Redruth	Cornwall	TR16 4QX	01209 842244	50.252762	-5.270809	SW 669 443	203	2007	portreath@yha.org.uk	http://www.yha.org.uk/hostel/portreath-bunkhouse	
South West	Runnage Camping Barn	Runnage Farm, Postbridge, Yelverton	Devon	PL20 6TN	0800 0191 700	50.596970	-3.883520	SX 668 792	191		campingbarns@yha.org.uk	http://www.yha.org.uk/barn/runnage-camping-barn	
South West	Salcombe	Sharpitor, Salcombe	Devon	TQ8 8LW	0845 371 9341	50.223036	-3.783951	SX 728 374	202	1938	salcombe@yha.org.uk	http://www.yha.org.uk/hostel/salcombe	
South West	Salisbury	Milford Hill, Salisbury	Wiltshire	SP1 2QW	0845 371 9537	51.069101	-1.787714	SU 150 300	184	1961	salisbury@yha.org.uk	http://www.yha.org.uk/hostel/salisbury	
South West	Slimbridge	The Wild Goose Lodge, Shepherds Patch, Slimbridge	Gloucestershire	GL2 7BP	01453 890 275	51.735853	-2.395277	SO 728 042	162		slimbridge@yha.org.uk	http://www.yha.org.uk/hostel/slimbridge	
South West	St Briavel's Castle	St Briavels, Lydney	Gloucestershire	GL15 6RG	0845 371 9042	51.738112	-2.640796	SO 558 046	162	1949	stbriavels@yha.org.uk	http://www.yha.org.uk/hostel/st-briavels	
South West	Stow on the Wold	The Square, Stow-on-the-Wold	Gloucestershire	GL54 1AF	0845 371 9540	51.930670	-1.722665	SP 192 258	163	1935	stow@yha.org.uk	http://www.yha.org.uk/hostel/stow-wold	
South West	Street	The Chalet, Ivythorn Hill, Street	Somerset	BA16 0TZ	0845 371 9143	51.107921	-2.743768	ST 480 346	182	1931	street@yha.org.uk	http://www.yha.org.uk/hostel/street	
South West	Swanage	Cluny, Cluny Crescent, Swanage	Dorset	BH19 2BS	0845 371 9346	50.606150	-1.957830	SZ 031 785	195	1950	swanage@yha.org.uk	http://www.yha.org.uk/hostel/swanage	
South West	Tintagel	Dunderhole Point, Tintagel	Cornwall	PL34 0DW	0845 371 9145	50.659850	-4.764200	SX 047 881	200	1947	tintagel@yha.org.uk	http://www.yha.org.uk/hostel/tintagel	
South West	Treyarnon	Tregonnan, Treyarnon, Padstow	Cornwall	PL28 8JR	0845 371 9664	50.527642	-5.022908	SW 858 741	200	1948	treyarnon@yha.org.uk	http://www.yha.org.uk/hostel/treyarnon	
South West	Westward Ho	1 Manorville, Fosketh Hill, Westward Ho!, Bideford	Devon	EX39 1UL	01237 479766	51.038784	-4.239671	SS 431 290	180	2009	westwardho@yha.org.uk	http://www.yha.org.uk/hostel/westward-ho	
Wales	Anglesey	Porthdafarch Road, Holyhead	Anglesey	LL65 2LP	01407 769351	53.291967	-4.650924	SH 234 805	114	2007	angleseyoutdoors@yha.org.uk	http://www.yha.org.uk/hostel/anglesey	
Wales	Betws-y-Coed	Swallow Falls, Betws-y-Coed	Gwynedd	LL24 0DW	01690 710796	53.101990	-3.845089	SH 766 577	115	2003	betwsycoed@yha.org.uk	http://www.yha.org.uk/hostel/betws-y-coed	
Wales	Borth	Morlais, Borth	Ceredigion	SY24 5JS	0845 371 9724	52.496522	-4.051683	SN 608 907	135	1953	borth@yha.org.uk	http://www.yha.org.uk/hostel/borth	
Wales	Brecon	Groesffordd, Brecon	Powys	LD3 7SW	0845 371 9506	51.950526	-3.350090	SO 073 289	160		brecon@yha.org.uk	http://www.yha.org.uk/hostel/brecon	
Wales	Broad Haven	Broad Haven, Haverfordwest	Pembrokeshire	SA62 3JH	0845 371 9008	51.784466	-5.099968	SM 863 141	157	1981	broadhaven@yha.org.uk	http://www.yha.org.uk/hostel/broad-haven	
Wales	Bryn Gwynant	Nantgwynant, Caernarfon	Gwynedd	LL55 4NP	0845 371 9108	53.042442	-4.028061	SH 641 514	17	1959	bryngwynant@yha.org.uk	http://www.yha.org.uk/hostel/bryn-gwynant	
Wales	Cardiff	2 Wedal Road, Roath Park, Cardiff	South Glamorgan	CF14 3QX	0845 371 9311	51.502993	-3.176452	ST 184 789	171	1986	cardiff@yha.org.uk	http://www.yha.org.uk/hostel/cardiff	
Wales	Conwy	Larkhill, Sychnant Pass Road	Conwy	LL32 8AJ	0845 371 9732	53.278562	-3.838888	SH 775 773	115	1997	conwy@yha.org.uk	http://www.yha.org.uk/hostel/conwy	
Wales	Danywenallt National Park Study Centre	Talybont-on-Usk, Brecon	Powys	LD3 7YS	0845 371 9548	51.876570	-3.297848	SO 108 206	161	2005	danywenallt@yha.org.uk	http://www.yha.org.uk/hostel/danywenallt-national-park-study-centre	
Wales	Dolgoch Bunkhouse	Dolgoch, Tregaron	Ceredigion	SY25 6NR	0845 371 9631	52.191029	-3.747679	SN 806 562	147	1976	dolgoch@yha.org.uk	http://www.yha.org.uk/hostel/dolgoch-bunkhouse	
Wales	Gower Bunkhouse	Borfa House Activity Centre, Port Eynon, Swansea	West Glamorgan	SA3 1NN	01792 401548	51.546104	-4.210468	SS 468 853	159	2007	gower@yha.org.uk	http://www.yha.org.uk/hostel/gower-bunkhouse	
Wales	Idwal	Nant Ffrancon, Bethesda, Bangor	Gwynedd	LL57 3LZ	0845 371 9744	53.123287	-4.020508	SH 649 604	115	1931	idwal@yha.org.uk	http://www.yha.org.uk/hostel/idwal	
Wales	Kings	Kings, Penmaenpool, Dolgellau	Gwynedd	LL40 1TB	0845 371 9327	52.725661	-3.950776	SH 684 160	124	1937	kings@yha.org.uk	http://www.yha.org.uk/hostel/kings	
Wales	Llanberis	Llwyn Celyn, Llanberis, Caernarfon	Gwynedd	LL55 4SR	0845 371 9645	53.115312	-4.132104	SH 574 597	115	1940	llanberis@yha.org.uk	http://www.yha.org.uk/hostel/llanberis	
Wales	Llanddeusant	The Old Red Lion, Llanddeusant	Camarthenshire	SA19 9UL	0845 371 9750	51.905790	-3.778570	SN 777 245	160	1940	llanddeusant@yha.org.uk	http://www.yha.org.uk/hostel/llanddeusant	
Wales	Llangattock Mountain Bunkhouse	Wern Watkin, Hillside, Llangattock, Crickhowell	Powys	NP8 1LG	01873 812307	51.831097	-3.140727	SO 215 153	161	2007	llangattock@yha.org.uk	http://www.yha.org.uk/hostel/llangattock-mountain-bunkhouse	
Wales	Llwyn-y-Celyn	Libanus, Brecon	Powys	LD3 8NH	0845 371 9029	51.891676	-3.493255	SN 973 225	160	1972	llwynycelyn@yha.org.uk	http://www.yha.org.uk/hostel/llwyn-y-celyn	
Wales	Manorbier	Manorbier, nr Tenby	Pembrokeshire	SA70 7TT	0845 371 9031	51.644801	-4.776360	SS 080 977	158	1987	manorbier@yha.org.uk	http://www.yha.org.uk/hostel/manorbier	
Wales	Marloes Sands	Runwayskiln, Marloes, Haverfordwest	Pembrokeshire	SA62 3BH	0845 371 9333	51.726955	-5.218742	SM 778 080	157	1978	marloessands@yha.org.uk	http://www.yha.org.uk/hostel/marloes-sands	
Wales	Newport	Lower St Mary Street, Newport	Pembrokeshire	SA42 0TS	0845 371 9543	52.017354	-4.830712	SN 059 392	145	1995	newport@yha.org.uk	http://www.yha.org.uk/hostel/newport	Trefdreath
Wales	Pen-y-Pass	Pen-y-Pass, Nantgwynant, Caernarfon	Gwynedd	LL55 4NY	0845 371 9534	53.080876	-4.020846	SH 647 556	115	1970	penypass@yha.org.uk	http://www.yha.org.uk/hostel/pen-y-pass	
Wales	Poppit Sands	Sea View, Poppit, Cardigan	Pembrokeshire	SA43 3LP	0845 371 9037	52.106396	-4.710276	SN 145 488	145	1950	poppit@yha.org.uk	http://www.yha.org.uk/hostel/poppit-sands	
Wales	Port Eynon	Old Lifeboat House, Port Eynon, Swansea	West Glamorgan	SA3 1NN	0845 371 9135	51.541374	-4.209829	SS 468 848	159	1950	porteynon@yha.org.uk	http://www.yha.org.uk/hostel/port-eynon	
Wales	Pwll Deri	Castell Mawr, Trefasser, Goodwick	Pembrokeshire	SA64 0LR	0845 371 9536	52.007073	-5.072266	SM 892 388	157	1956	pwllderi@yha.org.uk	http://www.yha.org.uk/hostel/pwll-deri	
Wales	Rhossili Bunkhouse	Rhossili Activity Centre, Middleton, Rhossili, Swansea	West Glamorgan	SA3 1PJ	01792 401548	51.569640	-4.274508	SS 425 881	145	2007	rhossili@yha.org.uk	http://www.yha.org.uk/hostel/rhossili-bunkhouse	
Wales	Rowen	Rhiw Farm, Rowen	Conwy	LL32 8YW	0845 371 9038	53.230980	-3.879091	SH 747 721	115	1948	conwy@yha.org.uk	http://www.yha.org.uk/hostel/rowen	
Wales	Snowdon Ranger	Rhyd Ddu, Caernarfon	Gwynedd	LL54 7YS	0845 371 9659	53.073296	-4.143262	SH 565 550	115	1939	snowdon@yha.org.uk	http://www.yha.org.uk/hostel/snowdon-ranger	
Wales	St Davids	Llaethdy, Whitesands, St David's	Pembrokeshire	SA62 6PR	0845 371 9141	51.902160	-5.286795	SM 740 277	157	1973	stdavids@yha.org.uk	http://www.yha.org.uk/hostel/st-davids	
Wales	Swansea Bunkhouse	Dan-y-Coed House, Huntington Close, West Cross, Swansea	West Glamorgan	SA3 5AL	01792 401548	51.591200	-3.999300	SS 616 899	159	2007	swansea@yha.org.uk	http://www.yha.org.uk/hostel/swansea-bunkhouse	
Wales	Sychpwll  Camping Barn	Sychpwll, Llandrinio	Powys	SY22 6SH	0800 0191 700	52.752702	-3.022914	SJ 311 177			campingbarns@yha.org.uk	http://www.yha.org.uk/barn/sychpwll-camping-barn	
Wales	Tyncornel Bunkhouse	Llanddewi-Brefi, Tregaron	Ceredigion	SY25 6PH	0870 770 8868	52.165525	-3.828126	SN 751 535	147	1967	tyncornel@yha.org.uk	http://www.yha.org.uk/hostel/tyncornel-bunkhouse	Most remote hostel
Yorkshire	Beverley Friary	Friar's Lane, Beverley	East Yorkshire	HU17 0DF	0845 371 9004	53.839690	-0.422850	TA 039 393	107	1984	beverleyfriary@yha.org.uk	http://www.yha.org.uk/hostel/beverley-friary	
Yorkshire	Bivouac Camping Barn	Druids Temple Masham, Ripon	North Yorkshire	HG4 4JZ	0800 0191 700	54.203646	-1.726270	SE 180 787	99		campingbarns@yha.org.uk	http://www.yha.org.uk/barn/bivouac-camping-barn	
Yorkshire	Boggle Hole	Mill Beck, Fylingthorpe, Whitby	North Yorkshire	YO22 4UQ	0845 371 9504	54.422785	-0.531346	NZ 954 040	94	1952	bogglehole@yha.org.uk	http://www.yha.org.uk/hostel/boggle-hole	
Yorkshire	Brompton Camping Barn	Village Farm, 24 Richmond Road, Brompton-on-Swale	North Yorkshire	DL10 7HE	0800 0191700	54.392810	-1.667670	SE 217 998	99		campingbarns@yha.org.uk	http://www.yha.org.uk/barn/brompton-camping-barn	
Yorkshire	Dalby Forest	Old School, Lockton, Pickering	North Yorkshire	YO18 7PY	0845 371 9128	54.298660	-0.704949	SE 844 900	94		lockton@yha.org.uk	http://www.yha.org.uk/hostel/dalby-forest	
Yorkshire	Earby	9-11 Birch Lane, Earby, Barnoldswick	Lancashire	BB18 6JX	0845 371 9016	53.918079	-2.130656	SD 915 469	103	1955	earby@yha.org.uk	http://www.yha.org.uk/hostel/earby	
Yorkshire	Farndale Camping Barn	Oak House, Farndale, Kirkbymoorside	North Yorkshire	YO62 7LH	0800 0191 700	54.378360	-0.986730	SE 659 986	94		campingbarns@yha.org.uk	http://www.yha.org.uk/barn/farndale-camping-barn	
Yorkshire	Grinton Lodge	Grinton, Richmond	North Yorkshire	DL11 6HS	0845 371 9636	54.373774	-1.927156	SE 048 976	98	1949	grinton@yha.org.uk	http://www.yha.org.uk/hostel/grinton-lodge	
Yorkshire	Hawes	Lancaster Terrace, Hawes	North Yorkshire	DL8 3LQ	0845 371 9120	54.303579	-2.203832	SD 868 898	98	1972	hawes@yha.org.uk	http://www.yha.org.uk/hostel/hawes	
Yorkshire	Haworth	Longlands Drive, Lees Lane, Haworth, Keighley	West Yorkshire	BD22 8RT	0845 371 9520	53.836840	-1.942332	SE 039 378	104	1976	haworth@yha.org.uk	http://www.yha.org.uk/hostel/haworth	
Yorkshire	Helmsley	Carlton Lane, Helmsley	North Yorkshire	YO62 5HB	0845 371 9638	54.248285	-1.057220	SE 615 840	100	1964	helmsley@yha.org.uk	http://www.yha.org.uk/hostel/helmsley	
Yorkshire	Ingleton	Sammy Lane, Ingleton, Carnforth	Lancashire	LA6 3EG	0845 371 9124	54.155057	-2.467694	SD 696 734	98	1935	ingleton@yha.org.uk	http://www.yha.org.uk/hostel/ingleton	
Yorkshire	Kettlewell	Kettlewell, Skipton	North Yorkshire	BD23 5QU	0845 371 9025	54.147330	-2.046590	SD 971 724	98	1934	kettlewell@yha.org.uk	http://www.yha.org.uk/hostel/kettlewell	
Yorkshire	Kildale Camping Barn	Park Farm, Kildale, Whitby	North Yorkshire	YO21 2RN	0800 0191 700	54.467680	-1.071650	NZ 603 084	94		campingbarns@yha.org.uk	http://www.yha.org.uk/barn/kildale-camping-barn	
Yorkshire	Leeds Carnegie Village	Carnegie Village, Leeds Metropolitan University, Headingley Campus, Leeds	West Yorkshire	LS6 3GZ		53.826281	-1.595369	SE 267 367	104		conferences@leedsmet.ac.uk	http://www.yha.org.uk/hostel/leeds-carnegie-village	
Yorkshire	Leeds Kirkstall Brewery	Kirkstall Brewery, Leeds Metropolitan University, Broad Lane, Leeds	West Yorkshire	LS5 3RX		53.815434	-1.609386	SE 258 355	104		conferences@leedsmet.ac.uk	http://www.yha.org.uk/hostel/leeds-kirkstall-brewery	
Yorkshire	Leeds Opal	Opal One, Leeds Metropolitan University 1-3 Burley Road, Leeds	West Yorkshire	LS3 1LS		53.801095	-1.564091	SE 288 340	104		conferences@leedsmet.ac.uk	http://www.yha.org.uk/hostel/leeds-opal	
Yorkshire	Low Row Camping Barn	Low Whita Farm Low Row Richmond	North Yorkshire	DL11 6NT	0800 0191 700	54.379460	-1.996260	SE 003 982	92		campingbarns@yha.org.uk	http://www.yha.org.uk/barn/low-row-camping-barn	
Yorkshire	Malham	Malham, Skipton	North Yorkshire	BD23 4DB	0845 371 9529	54.062513	-2.152044	SD 901 630	98	1949	malham@yha.org.uk	http://www.yha.org.uk/hostel/malham	
Yorkshire	Mankinholes	Mankinholes, Todmorden	Lancashire	OL14 6HR	0845 371 9751	53.708477	-2.061909	SD 960 236	103	1943	mankinholes@yha.org.uk	http://www.yha.org.uk/hostel/mankinholes	
Yorkshire	Osmotherley	Cote Ghyll Mill, Osmotherley, Northallerton	North Yorkshire	DL6 3AH	01609 883425	54.376449	-1.291559	SE 461 981	100	1981	mill@coteghyll.com	http://www.yha.org.uk/hostel/osmotherley	
Yorkshire	Richmond Camping Barn	East Applegarth Farm, Westfields, Richmond	North Yorkshire	DL10 4SD		54.410658	-1.794610	NZ 134 017	92		campingbarns@yha.org.uk	http://www.yha.org.uk/barn/richmond-camping-barn	
Yorkshire	Scarborough	Burniston Road, Scarborough	North Yorkshire	YO13 0DA	0845 371 9657	54.302293	-0.424379	TA 026 908	101	1936	scarborough@yha.org.uk	http://www.yha.org.uk/hostel/scarborough	
Yorkshire	Sinnington Camping Barn	Cliff Farm, Sinnington, York	West Yorkshire	YO6 6SS	0800 0191 700	54.254790	-0.848500	SE 751 850	99		campingbarns@yha.org.uk	http://www.yha.org.uk/barn/sinnington-camping-barn	
Yorkshire	Whitby	Abbey House, East Cliff, Whitby	North Yorkshire	YO22 4JT	0845 371 9049	54.487423	-0.608271	NZ 903 111	94	2007	whitby@yha.org.uk	http://www.yha.org.uk/hostel/whitby	
Yorkshire	York	Water End, Clifton, York	North Yorkshire	YO30 6LP	0845 371 9051	53.968511	-1.102822	SE 590 529	105	1946	york@yha.org.uk	http://www.yha.org.uk/hostel/york	
